precision,recall,f1_score
0.8254,"[0.684      0.986      0.972      0.772      0.444      0.662
 0.808      0.97533333]","[0.7230444  0.87488909 0.91353383 0.86547085 0.60738714 0.78158205
 0.75023213 0.88238842]"
